OrderID,Product,Quantity,TotalPrice
ORD200789,Tablet,5,3456.4
ORD201122,Monitor,5,3390.95
ORD200632,Laptop,5,3390.8
ORD200469,Chair,5,3384.9
ORD200328,Tablet,5,3370.2
ORD200107,Printer,5,3353.75
ORD200326,Laptop,5,3352.4
ORD201065,Printer,5,3334.0
ORD201031,Phone,5,3322.55
ORD200463,Laptop,5,3313.9
ORD200361,Printer,5,3299.25
ORD200367,Laptop,5,3293.85
ORD200837,Chair,5,3277.75
ORD200527,Chair,5,3267.35
ORD200768,Tablet,5,3267.3
ORD200889,Monitor,5,3253.6
ORD200540,Laptop,5,3243.25
ORD200802,Chair,5,3223.2
ORD200957,Monitor,5,3219.45
ORD200086,Printer,5,3215.15
ORD200221,Tablet,5,3196.85
ORD200967,Tablet,5,3194.6
ORD200296,Desk,5,3194.0
ORD201079,Phone,5,3170.0
ORD200364,Phone,5,3143.7
ORD200764,Laptop,5,3137.15
ORD200010,Tablet,5,3129.85
ORD200820,Phone,5,3119.05
ORD200097,Tablet,5,3097.6
ORD200241,Chair,5,3078.35
ORD200450,Monitor,5,3075.5
ORD200876,Chair,5,3044.55
ORD200492,Laptop,5,3032.6
ORD200633,Laptop,5,3008.6
ORD200731,Printer,5,2922.3
ORD200916,Printer,5,2894.15
ORD200511,Monitor,5,2876.2
ORD200816,Tablet,5,2873.95
ORD200000,Monitor,5,2853.1
ORD200578,Monitor,5,2830.35
ORD200883,Printer,5,2807.4
ORD201002,Tablet,4,2799.52
ORD200628,Printer,5,2793.15
ORD200389,Desk,4,2790.0
ORD201153,Monitor,4,2786.84
ORD201142,Phone,4,2780.4
ORD200222,Chair,4,2773.44
ORD201087,Laptop,4,2772.28
ORD200223,Phone,4,2771.64
ORD201156,Laptop,4,2763.12
ORD200471,Desk,5,2756.35
ORD200002,Tablet,5,2753.4
ORD201076,Laptop,4,2746.44
ORD200423,Printer,4,2740.8
ORD200608,Laptop,5,2715.8
ORD200769,Printer,4,2714.2
ORD200865,Monitor,4,2709.48
ORD200032,Tablet,5,2683.6
ORD200164,Desk,5,2682.9
ORD200252,Phone,4,2673.44
ORD200694,Printer,4,2666.08
ORD200269,Tablet,4,2654.68
ORD200170,Desk,4,2651.76
ORD200963,Chair,5,2651.7
ORD200394,Desk,5,2647.75
ORD200523,Desk,4,2631.16
ORD200781,Phone,5,2621.3
ORD200287,Chair,4,2620.72
ORD200281,Desk,4,2619.16
ORD200823,Laptop,4,2612.52
ORD200683,Desk,4,2609.92
ORD200340,Laptop,5,2606.25
ORD200707,Chair,4,2600.16
ORD200977,Chair,4,2597.88
ORD201094,Printer,4,2595.64
ORD201179,Laptop,5,2592.75
ORD200986,Laptop,4,2579.84
ORD200587,Monitor,5,2573.0
ORD200465,Printer,5,2567.45
ORD200282,Printer,4,2551.16
ORD200446,Laptop,5,2547.9
ORD200390,Printer,5,2543.45
ORD200500,Laptop,5,2542.95
ORD201144,Desk,5,2539.7
ORD200607,Printer,4,2536.2
ORD201097,Monitor,5,2532.25
ORD200549,Monitor,4,2519.52
ORD200120,Tablet,4,2517.36
ORD200872,Chair,4,2517.36
ORD200118,Printer,5,2513.55
ORD200558,Phone,4,2512.48
ORD200925,Monitor,5,2512.35
ORD200345,Tablet,5,2506.3
ORD200004,Printer,4,2504.04
ORD200114,Monitor,5,2492.4
ORD200598,Desk,5,2476.75
ORD200567,Chair,5,2464.7
ORD200091,Laptop,5,2463.75
ORD200457,Desk,4,2463.32
ORD200994,Tablet,4,2462.6
ORD200311,Desk,5,2446.85
ORD200486,Printer,4,2445.04
ORD200798,Phone,5,2441.75
ORD200832,Chair,5,2428.55
ORD200359,Desk,4,2426.28
ORD200174,Printer,4,2403.24
ORD200817,Chair,4,2392.76
ORD200801,Printer,4,2382.48
ORD200621,Phone,5,2380.05
ORD200913,Printer,5,2379.75
ORD200059,Chair,4,2373.08
ORD200688,Monitor,4,2372.88
ORD200805,Laptop,5,2360.05
ORD200360,Phone,4,2358.28
ORD200072,Tablet,4,2357.76
ORD200560,Monitor,4,2355.4
ORD200267,Chair,5,2342.55
ORD200490,Chair,5,2339.05
ORD200266,Chair,4,2332.28
ORD200342,Monitor,5,2332.1
ORD200726,Laptop,4,2332.08
ORD201080,Laptop,5,2323.7
ORD200965,Laptop,4,2313.12
ORD200638,Tablet,4,2313.08
ORD200588,Monitor,4,2311.28
ORD200838,Desk,4,2308.32
ORD201124,Chair,4,2307.48
ORD200034,Chair,4,2306.08
ORD200615,Monitor,5,2300.7
ORD200541,Printer,5,2280.3
ORD200089,Printer,5,2276.65
ORD200641,Printer,4,2270.28
ORD200082,Tablet,4,2260.8
ORD201199,Tablet,4,2242.32
ORD200575,Chair,5,2240.75
ORD201041,Monitor,4,2235.6
ORD200151,Printer,5,2223.8
ORD201027,Laptop,4,2219.32
ORD200046,Monitor,4,2200.56
ORD200309,Chair,4,2199.04
ORD200407,Tablet,4,2189.28
ORD200858,Tablet,5,2178.3
ORD200200,Tablet,5,2166.3
ORD200083,Laptop,4,2161.64
ORD201047,Chair,4,2161.36
ORD200283,Laptop,4,2161.32
ORD200177,Chair,5,2158.45
ORD200670,Desk,4,2156.8
ORD200189,Printer,5,2147.25
ORD201155,Printer,4,2138.28
ORD200153,Chair,4,2137.92
ORD200737,Phone,4,2131.48
ORD200713,Tablet,4,2129.96
ORD200399,Tablet,5,2119.65
ORD201146,Monitor,5,2107.2
ORD200573,Chair,5,2107.1
ORD201006,Tablet,5,2104.9
ORD200491,Phone,5,2103.5
ORD200742,Laptop,3,2099.79
ORD200736,Monitor,5,2092.65
ORD200935,Phone,3,2078.13
ORD200771,Phone,3,2077.32
ORD201171,Phone,4,2073.6
ORD201034,Printer,4,2071.92
ORD200653,Printer,3,2070.9
ORD200885,Laptop,4,2062.36
ORD200429,Printer,4,2060.76
ORD200141,Printer,3,2052.42
ORD200288,Laptop,4,2051.0
ORD200178,Chair,4,2048.24
ORD200304,Monitor,5,2043.65
ORD200357,Laptop,5,2042.8
ORD200458,Monitor,4,2042.32
ORD200009,Desk,4,2037.52
ORD200807,Monitor,3,2028.63
ORD201035,Laptop,4,2024.44
ORD200181,Printer,5,2021.95
ORD200915,Laptop,4,2011.96
ORD200979,Monitor,3,2007.18
ORD201136,Tablet,3,2004.99
